--
-- PostgreSQL database dump
--

-- Dumped from database version 14.13 (Ubuntu 14.13-0ubuntu0.22.04.1)
-- Dumped by pg_dump version 14.13 (Ubuntu 14.13-0ubuntu0.22.04.1)

SET statement_timeout = 0;
SET lock_timeout = 0;
SET idle_in_transaction_session_timeout = 0;
SET client_encoding = 'UTF8';
SET standard_conforming_strings = on;
SELECT pg_catalog.set_config('search_path', '', false);
SET check_function_bodies = false;
SET xmloption = content;
SET client_min_messages = warning;
SET row_security = off;

SET default_tablespace = '';

SET default_table_access_method = heap;

--
-- Name: accounts_customuser; Type: TABLE; Schema: public; Owner: fishing_user
--

CREATE TABLE public.accounts_customuser (
    id bigint NOT NULL,
    password character varying(128) NOT NULL,
    last_login timestamp with time zone,
    is_superuser boolean NOT NULL,
    username character varying(150) NOT NULL,
    first_name character varying(150) NOT NULL,
    last_name character varying(150) NOT NULL,
    email character varying(254) NOT NULL,
    is_staff boolean NOT NULL,
    is_active boolean NOT NULL,
    date_joined timestamp with time zone NOT NULL,
    role character varying(10) NOT NULL
);


ALTER TABLE public.accounts_customuser OWNER TO fishing_user;

--
-- Name: accounts_customuser_groups; Type: TABLE; Schema: public; Owner: fishing_user
--

CREATE TABLE public.accounts_customuser_groups (
    id bigint NOT NULL,
    customuser_id bigint NOT NULL,
    group_id integer NOT NULL
);


ALTER TABLE public.accounts_customuser_groups OWNER TO fishing_user;

--
-- Name: accounts_customuser_groups_id_seq; Type: SEQUENCE; Schema: public; Owner: fishing_user
--

ALTER TABLE public.accounts_customuser_groups ALTER COLUMN id ADD GENERATED BY DEFAULT AS IDENTITY (
    SEQUENCE NAME public.accounts_customuser_groups_id_seq
    START WITH 1
    INCREMENT BY 1
    NO MINVALUE
    NO MAXVALUE
    CACHE 1
);


--
-- Name: accounts_customuser_id_seq; Type: SEQUENCE; Schema: public; Owner: fishing_user
--

ALTER TABLE public.accounts_customuser ALTER COLUMN id ADD GENERATED BY DEFAULT AS IDENTITY (
    SEQUENCE NAME public.accounts_customuser_id_seq
    START WITH 1
    INCREMENT BY 1
    NO MINVALUE
    NO MAXVALUE
    CACHE 1
);


--
-- Name: accounts_customuser_user_permissions; Type: TABLE; Schema: public; Owner: fishing_user
--

CREATE TABLE public.accounts_customuser_user_permissions (
    id bigint NOT NULL,
    customuser_id bigint NOT NULL,
    permission_id integer NOT NULL
);


ALTER TABLE public.accounts_customuser_user_permissions OWNER TO fishing_user;

--
-- Name: accounts_customuser_user_permissions_id_seq; Type: SEQUENCE; Schema: public; Owner: fishing_user
--

ALTER TABLE public.accounts_customuser_user_permissions ALTER COLUMN id ADD GENERATED BY DEFAULT AS IDENTITY (
    SEQUENCE NAME public.accounts_customuser_user_permissions_id_seq
    START WITH 1
    INCREMENT BY 1
    NO MINVALUE
    NO MAXVALUE
    CACHE 1
);


--
-- Name: auth_group; Type: TABLE; Schema: public; Owner: fishing_user
--

CREATE TABLE public.auth_group (
    id integer NOT NULL,
    name character varying(150) NOT NULL
);


ALTER TABLE public.auth_group OWNER TO fishing_user;

--
-- Name: auth_group_id_seq; Type: SEQUENCE; Schema: public; Owner: fishing_user
--

ALTER TABLE public.auth_group ALTER COLUMN id ADD GENERATED BY DEFAULT AS IDENTITY (
    SEQUENCE NAME public.auth_group_id_seq
    START WITH 1
    INCREMENT BY 1
    NO MINVALUE
    NO MAXVALUE
    CACHE 1
);


--
-- Name: auth_group_permissions; Type: TABLE; Schema: public; Owner: fishing_user
--

CREATE TABLE public.auth_group_permissions (
    id bigint NOT NULL,
    group_id integer NOT NULL,
    permission_id integer NOT NULL
);


ALTER TABLE public.auth_group_permissions OWNER TO fishing_user;

--
-- Name: auth_group_permissions_id_seq; Type: SEQUENCE; Schema: public; Owner: fishing_user
--

ALTER TABLE public.auth_group_permissions ALTER COLUMN id ADD GENERATED BY DEFAULT AS IDENTITY (
    SEQUENCE NAME public.auth_group_permissions_id_seq
    START WITH 1
    INCREMENT BY 1
    NO MINVALUE
    NO MAXVALUE
    CACHE 1
);


--
-- Name: auth_permission; Type: TABLE; Schema: public; Owner: fishing_user
--

CREATE TABLE public.auth_permission (
    id integer NOT NULL,
    name character varying(255) NOT NULL,
    content_type_id integer NOT NULL,
    codename character varying(100) NOT NULL
);


ALTER TABLE public.auth_permission OWNER TO fishing_user;

--
-- Name: auth_permission_id_seq; Type: SEQUENCE; Schema: public; Owner: fishing_user
--

ALTER TABLE public.auth_permission ALTER COLUMN id ADD GENERATED BY DEFAULT AS IDENTITY (
    SEQUENCE NAME public.auth_permission_id_seq
    START WITH 1
    INCREMENT BY 1
    NO MINVALUE
    NO MAXVALUE
    CACHE 1
);


--
-- Name: django_admin_log; Type: TABLE; Schema: public; Owner: fishing_user
--

CREATE TABLE public.django_admin_log (
    id integer NOT NULL,
    action_time timestamp with time zone NOT NULL,
    object_id text,
    object_repr character varying(200) NOT NULL,
    action_flag smallint NOT NULL,
    change_message text NOT NULL,
    content_type_id integer,
    user_id bigint NOT NULL,
    CONSTRAINT django_admin_log_action_flag_check CHECK ((action_flag >= 0))
);


ALTER TABLE public.django_admin_log OWNER TO fishing_user;

--
-- Name: django_admin_log_id_seq; Type: SEQUENCE; Schema: public; Owner: fishing_user
--

ALTER TABLE public.django_admin_log ALTER COLUMN id ADD GENERATED BY DEFAULT AS IDENTITY (
    SEQUENCE NAME public.django_admin_log_id_seq
    START WITH 1
    INCREMENT BY 1
    NO MINVALUE
    NO MAXVALUE
    CACHE 1
);


--
-- Name: django_content_type; Type: TABLE; Schema: public; Owner: fishing_user
--

CREATE TABLE public.django_content_type (
    id integer NOT NULL,
    app_label character varying(100) NOT NULL,
    model character varying(100) NOT NULL
);


ALTER TABLE public.django_content_type OWNER TO fishing_user;

--
-- Name: django_content_type_id_seq; Type: SEQUENCE; Schema: public; Owner: fishing_user
--

ALTER TABLE public.django_content_type ALTER COLUMN id ADD GENERATED BY DEFAULT AS IDENTITY (
    SEQUENCE NAME public.django_content_type_id_seq
    START WITH 1
    INCREMENT BY 1
    NO MINVALUE
    NO MAXVALUE
    CACHE 1
);


--
-- Name: django_migrations; Type: TABLE; Schema: public; Owner: fishing_user
--

CREATE TABLE public.django_migrations (
    id bigint NOT NULL,
    app character varying(255) NOT NULL,
    name character varying(255) NOT NULL,
    applied timestamp with time zone NOT NULL
);


ALTER TABLE public.django_migrations OWNER TO fishing_user;

--
-- Name: django_migrations_id_seq; Type: SEQUENCE; Schema: public; Owner: fishing_user
--

ALTER TABLE public.django_migrations ALTER COLUMN id ADD GENERATED BY DEFAULT AS IDENTITY (
    SEQUENCE NAME public.django_migrations_id_seq
    START WITH 1
    INCREMENT BY 1
    NO MINVALUE
    NO MAXVALUE
    CACHE 1
);


--
-- Name: django_session; Type: TABLE; Schema: public; Owner: fishing_user
--

CREATE TABLE public.django_session (
    session_key character varying(40) NOT NULL,
    session_data text NOT NULL,
    expire_date timestamp with time zone NOT NULL
);


ALTER TABLE public.django_session OWNER TO fishing_user;

--
-- Name: fishing_captain; Type: TABLE; Schema: public; Owner: fishing_user
--

CREATE TABLE public.fishing_captain (
    id bigint NOT NULL,
    full_name character varying(100) NOT NULL
);


ALTER TABLE public.fishing_captain OWNER TO fishing_user;

--
-- Name: fishing_captain_id_seq; Type: SEQUENCE; Schema: public; Owner: fishing_user
--

ALTER TABLE public.fishing_captain ALTER COLUMN id ADD GENERATED BY DEFAULT AS IDENTITY (
    SEQUENCE NAME public.fishing_captain_id_seq
    START WITH 1
    INCREMENT BY 1
    NO MINVALUE
    NO MAXVALUE
    CACHE 1
);


--
-- Name: fishing_fish; Type: TABLE; Schema: public; Owner: fishing_user
--

CREATE TABLE public.fishing_fish (
    id bigint NOT NULL,
    name character varying(100) NOT NULL
);


ALTER TABLE public.fishing_fish OWNER TO fishing_user;

--
-- Name: fishing_fish_id_seq; Type: SEQUENCE; Schema: public; Owner: fishing_user
--

ALTER TABLE public.fishing_fish ALTER COLUMN id ADD GENERATED BY DEFAULT AS IDENTITY (
    SEQUENCE NAME public.fishing_fish_id_seq
    START WITH 1
    INCREMENT BY 1
    NO MINVALUE
    NO MAXVALUE
    CACHE 1
);


--
-- Name: fishing_fishcatch; Type: TABLE; Schema: public; Owner: fishing_user
--

CREATE TABLE public.fishing_fishcatch (
    id bigint NOT NULL,
    weight double precision NOT NULL,
    fish_id bigint NOT NULL,
    fishing_report_id bigint NOT NULL
);


ALTER TABLE public.fishing_fishcatch OWNER TO fishing_user;

--
-- Name: fishing_fishcatch_id_seq; Type: SEQUENCE; Schema: public; Owner: fishing_user
--

ALTER TABLE public.fishing_fishcatch ALTER COLUMN id ADD GENERATED BY DEFAULT AS IDENTITY (
    SEQUENCE NAME public.fishing_fishcatch_id_seq
    START WITH 1
    INCREMENT BY 1
    NO MINVALUE
    NO MAXVALUE
    CACHE 1
);


--
-- Name: fishing_fisherman; Type: TABLE; Schema: public; Owner: fishing_user
--

CREATE TABLE public.fishing_fisherman (
    id bigint NOT NULL,
    full_name character varying(255) NOT NULL
);


ALTER TABLE public.fishing_fisherman OWNER TO fishing_user;

--
-- Name: fishing_fisherman_id_seq; Type: SEQUENCE; Schema: public; Owner: fishing_user
--

ALTER TABLE public.fishing_fisherman ALTER COLUMN id ADD GENERATED BY DEFAULT AS IDENTITY (
    SEQUENCE NAME public.fishing_fisherman_id_seq
    START WITH 1
    INCREMENT BY 1
    NO MINVALUE
    NO MAXVALUE
    CACHE 1
);


--
-- Name: fishing_fishingreport; Type: TABLE; Schema: public; Owner: fishing_user
--

CREATE TABLE public.fishing_fishingreport (
    id bigint NOT NULL,
    weather_conditions_id bigint NOT NULL,
    start_date date NOT NULL,
    end_date date NOT NULL,
    captain_id bigint NOT NULL,
    ship_id bigint NOT NULL
);


ALTER TABLE public.fishing_fishingreport OWNER TO fishing_user;

--
-- Name: fishing_fishingreport_fishermen; Type: TABLE; Schema: public; Owner: fishing_user
--

CREATE TABLE public.fishing_fishingreport_fishermen (
    id bigint NOT NULL,
    fishingreport_id bigint NOT NULL,
    fisherman_id bigint NOT NULL
);


ALTER TABLE public.fishing_fishingreport_fishermen OWNER TO fishing_user;

--
-- Name: fishing_fishingreport_fishermen_id_seq; Type: SEQUENCE; Schema: public; Owner: fishing_user
--

ALTER TABLE public.fishing_fishingreport_fishermen ALTER COLUMN id ADD GENERATED BY DEFAULT AS IDENTITY (
    SEQUENCE NAME public.fishing_fishingreport_fishermen_id_seq
    START WITH 1
    INCREMENT BY 1
    NO MINVALUE
    NO MAXVALUE
    CACHE 1
);


--
-- Name: fishing_fishingreport_id_seq; Type: SEQUENCE; Schema: public; Owner: fishing_user
--

ALTER TABLE public.fishing_fishingreport ALTER COLUMN id ADD GENERATED BY DEFAULT AS IDENTITY (
    SEQUENCE NAME public.fishing_fishingreport_id_seq
    START WITH 1
    INCREMENT BY 1
    NO MINVALUE
    NO MAXVALUE
    CACHE 1
);


--
-- Name: fishing_ship; Type: TABLE; Schema: public; Owner: fishing_user
--

CREATE TABLE public.fishing_ship (
    id bigint NOT NULL,
    name character varying(100) NOT NULL
);


ALTER TABLE public.fishing_ship OWNER TO fishing_user;

--
-- Name: fishing_ship_id_seq; Type: SEQUENCE; Schema: public; Owner: fishing_user
--

ALTER TABLE public.fishing_ship ALTER COLUMN id ADD GENERATED BY DEFAULT AS IDENTITY (
    SEQUENCE NAME public.fishing_ship_id_seq
    START WITH 1
    INCREMENT BY 1
    NO MINVALUE
    NO MAXVALUE
    CACHE 1
);


--
-- Name: fishing_weathercondition; Type: TABLE; Schema: public; Owner: fishing_user
--

CREATE TABLE public.fishing_weathercondition (
    id bigint NOT NULL,
    name character varying(100) NOT NULL
);


ALTER TABLE public.fishing_weathercondition OWNER TO fishing_user;

--
-- Name: fishing_weathercondition_id_seq; Type: SEQUENCE; Schema: public; Owner: fishing_user
--

ALTER TABLE public.fishing_weathercondition ALTER COLUMN id ADD GENERATED BY DEFAULT AS IDENTITY (
    SEQUENCE NAME public.fishing_weathercondition_id_seq
    START WITH 1
    INCREMENT BY 1
    NO MINVALUE
    NO MAXVALUE
    CACHE 1
);


--
-- Data for Name: accounts_customuser; Type: TABLE DATA; Schema: public; Owner: fishing_user
--

COPY public.accounts_customuser (id, password, last_login, is_superuser, username, first_name, last_name, email, is_staff, is_active, date_joined, role) FROM stdin;
2	pbkdf2_sha256$870000$QIX2ueZQcTCC8ZrzQcfrZg$wAGkAYI/FxVjWonjKBAYSuAPeGC8XK+iee7N1GpimTk=	\N	f	user	Test	User		f	t	2024-10-22 20:42:57.002974+03	user
3	pbkdf2_sha256$870000$fXskqUx32JgHalqwUXmZ7f$HVXt6EbD+7SOQ1gtfC2YJmETokRXswGdliymOsTZ7GA=	\N	t	admi		G7k#lZ8wQ		t	t	2024-10-26 03:46:14+03	admin
1	pbkdf2_sha256$870000$DVe4OPg2dids3oXLRQKJKG$LTlnK+Xc5sfCUuuDUHV67oLIevZfP78w5nmmg4ctigg=	2024-11-08 22:39:58.906807+03	t	admin				t	t	2024-10-22 20:32:36+03	admin
4	pbkdf2_sha256$870000$V0ELbhSmrZTyaNiXRzp4S8$evPD4/z0u4A5Y64O2zoQ63LB17IINCR0Dium6MudyA4=	\N	f	for				f	t	2024-11-08 22:41:01.609277+03	user
\.


--
-- Data for Name: accounts_customuser_groups; Type: TABLE DATA; Schema: public; Owner: fishing_user
--

COPY public.accounts_customuser_groups (id, customuser_id, group_id) FROM stdin;
1	3	2
2	1	2
\.


--
-- Data for Name: accounts_customuser_user_permissions; Type: TABLE DATA; Schema: public; Owner: fishing_user
--

COPY public.accounts_customuser_user_permissions (id, customuser_id, permission_id) FROM stdin;
1	3	1
2	3	2
3	3	3
4	3	4
5	3	5
6	3	6
7	3	7
8	3	8
9	3	9
10	3	10
11	3	11
12	3	12
13	3	13
14	3	14
15	3	15
16	3	16
17	3	17
18	3	18
19	3	19
20	3	20
21	3	21
22	3	22
23	3	23
24	3	24
25	3	25
26	3	26
27	3	27
28	3	28
29	3	29
30	3	30
31	3	31
32	3	32
33	3	33
34	3	34
35	3	35
36	3	36
37	3	37
38	3	38
39	3	39
40	3	40
41	3	41
42	3	42
43	3	43
44	3	44
45	3	45
46	3	46
47	3	47
48	3	48
49	3	49
50	3	50
51	3	51
52	3	52
53	1	1
54	1	2
55	1	3
56	1	4
57	1	5
58	1	6
59	1	7
60	1	8
61	1	9
62	1	10
63	1	11
64	1	12
65	1	13
66	1	14
67	1	15
68	1	16
69	1	17
70	1	18
71	1	19
72	1	20
73	1	21
74	1	22
75	1	23
76	1	24
77	1	25
78	1	26
79	1	27
80	1	28
81	1	29
82	1	30
83	1	31
84	1	32
85	1	33
86	1	34
87	1	35
88	1	36
89	1	37
90	1	38
91	1	39
92	1	40
93	1	41
94	1	42
95	1	43
96	1	44
97	1	45
98	1	46
99	1	47
100	1	48
101	1	49
102	1	50
103	1	51
104	1	52
\.


--
-- Data for Name: auth_group; Type: TABLE DATA; Schema: public; Owner: fishing_user
--

COPY public.auth_group (id, name) FROM stdin;
2	admin
3	users
\.


--
-- Data for Name: auth_group_permissions; Type: TABLE DATA; Schema: public; Owner: fishing_user
--

COPY public.auth_group_permissions (id, group_id, permission_id) FROM stdin;
1	2	1
2	2	2
3	2	3
4	2	4
5	2	5
6	2	6
7	2	7
8	2	8
9	2	9
10	2	10
11	2	11
12	2	12
13	2	13
14	2	14
15	2	15
16	2	16
17	2	17
18	2	18
19	2	19
20	2	20
21	2	21
22	2	22
23	2	23
24	2	24
25	2	25
26	2	26
27	2	27
28	2	28
29	2	29
30	2	30
31	2	31
32	2	32
33	2	33
34	2	34
35	2	35
36	2	36
37	2	37
38	2	38
39	2	39
40	2	40
41	2	41
42	2	42
43	2	43
44	2	44
45	2	45
46	2	46
47	2	47
48	2	48
49	2	49
50	2	50
51	2	51
52	2	52
\.


--
-- Data for Name: auth_permission; Type: TABLE DATA; Schema: public; Owner: fishing_user
--

COPY public.auth_permission (id, name, content_type_id, codename) FROM stdin;
1	Can add permission	1	add_permission
2	Can change permission	1	change_permission
3	Can delete permission	1	delete_permission
4	Can view permission	1	view_permission
5	Can add group	2	add_group
6	Can change group	2	change_group
7	Can delete group	2	delete_group
8	Can view group	2	view_group
9	Can add content type	3	add_contenttype
10	Can change content type	3	change_contenttype
11	Can delete content type	3	delete_contenttype
12	Can view content type	3	view_contenttype
13	Can add user	4	add_customuser
14	Can change user	4	change_customuser
15	Can delete user	4	delete_customuser
16	Can view user	4	view_customuser
17	Can add log entry	5	add_logentry
18	Can change log entry	5	change_logentry
19	Can delete log entry	5	delete_logentry
20	Can view log entry	5	view_logentry
21	Can add session	6	add_session
22	Can change session	6	change_session
23	Can delete session	6	delete_session
24	Can view session	6	view_session
25	Can add captain	7	add_captain
26	Can change captain	7	change_captain
27	Can delete captain	7	delete_captain
28	Can view captain	7	view_captain
29	Can add fisherman	8	add_fisherman
30	Can change fisherman	8	change_fisherman
31	Can delete fisherman	8	delete_fisherman
32	Can view fisherman	8	view_fisherman
33	Can add ship	9	add_ship
34	Can change ship	9	change_ship
35	Can delete ship	9	delete_ship
36	Can view ship	9	view_ship
37	Can add fish	10	add_fish
38	Can change fish	10	change_fish
39	Can delete fish	10	delete_fish
40	Can view fish	10	view_fish
41	Can add fish catch	11	add_fishcatch
42	Can change fish catch	11	change_fishcatch
43	Can delete fish catch	11	delete_fishcatch
44	Can view fish catch	11	view_fishcatch
45	Can add fishing report	12	add_fishingreport
46	Can change fishing report	12	change_fishingreport
47	Can delete fishing report	12	delete_fishingreport
48	Can view fishing report	12	view_fishingreport
49	Can add weather condition	13	add_weathercondition
50	Can change weather condition	13	change_weathercondition
51	Can delete weather condition	13	delete_weathercondition
52	Can view weather condition	13	view_weathercondition
\.


--
-- Data for Name: django_admin_log; Type: TABLE DATA; Schema: public; Owner: fishing_user
--

COPY public.django_admin_log (id, action_time, object_id, object_repr, action_flag, change_message, content_type_id, user_id) FROM stdin;
1	2024-10-22 20:34:53.797106+03	1	users	1	[{"added": {}}]	2	1
2	2024-10-22 20:40:02.022836+03	1	users	3		2	1
3	2024-10-25 18:37:41.920949+03	4	user user user	3		8	1
4	2024-10-25 18:37:41.920977+03	3	user user user	3		8	1
5	2024-10-25 18:37:41.920991+03	2		3		8	1
6	2024-10-25 18:37:41.921002+03	1		3		8	1
7	2024-10-25 18:38:33.616218+03	1	ship	1	[{"added": {}}]	9	1
8	2024-10-25 18:49:55.683592+03	1	cap cap cap	1	[{"added": {}}]	7	1
9	2024-10-25 18:50:40.87999+03	1	Report of cap cap cap on ship (2024-10-02 - 2024-10-25)	1	[{"added": {}}]	12	1
10	2024-10-25 18:55:37.107071+03	1	fish	1	[{"added": {}}]	10	1
11	2024-10-25 18:55:46.309588+03	1	Report of cap cap cap on ship (2024-10-02 - 2024-10-25)	2	[{"added": {"name": "fish catch", "object": "fish: 100.0 kg"}}]	12	1
12	2024-10-25 18:55:51.622064+03	1	Report of cap cap cap on ship (2024-10-02 - 2024-10-25)	2	[]	12	1
13	2024-10-25 19:05:33.860213+03	6	user user user	3		8	1
14	2024-10-25 19:05:33.860245+03	5	user user user	3		8	1
15	2024-10-25 19:13:36.68607+03	9	just	3		8	1
16	2024-10-25 19:13:36.686098+03	8	a	3		8	1
17	2024-10-25 19:13:36.686112+03	7	user user user	3		8	1
18	2024-10-25 19:15:09.242444+03	10	just	3		8	1
19	2024-10-25 19:15:16.916217+03	11	egor egor egor	1	[{"added": {}}]	8	1
20	2024-10-25 19:42:04.902352+03	1	Report of cap cap cap on ship (2024-10-02 - 2024-10-25)	3		12	1
21	2024-10-25 20:46:03.464154+03	2	fish2	1	[{"added": {}}]	10	1
22	2024-10-25 21:31:43.43072+03	1	Good	1	[{"added": {}}]	13	1
23	2024-10-25 21:31:46.871054+03	2	Bad	1	[{"added": {}}]	13	1
24	2024-10-25 21:37:02.664134+03	2	Report of cap cap cap on ship (2024-10-01 - 2024-10-25)	1	[{"added": {}}, {"added": {"name": "fish catch", "object": "fish: 1.0 kg"}}]	12	1
25	2024-10-25 21:39:10.818785+03	2	Report of cap cap cap on ship (2024-10-01 - 2024-10-25)	3		12	1
26	2024-10-25 21:51:06.833981+03	4	Report of cap cap cap on ship (2024-10-03 - 2025-10-15)	3		12	1
27	2024-10-25 21:51:06.834012+03	3	Report of cap cap cap on ship (2024-10-02 - 2024-10-10)	3		12	1
28	2024-10-25 23:00:37.40195+03	2	cap2 2 2	1	[{"added": {}}]	7	1
29	2024-10-25 23:00:43.673279+03	2	ship 2	1	[{"added": {}}]	9	1
30	2024-10-25 23:49:16.925142+03	14	asd	3		8	1
31	2024-10-25 23:49:16.925172+03	13	3 3 3	3		8	1
32	2024-10-25 23:49:28.361134+03	5	Report of cap cap cap on ship (2024-10-02 - 2024-10-10)	3		12	1
33	2024-10-26 00:25:47.006818+03	11	Report of cap cap cap on ship (2024-10-02 - 2024-10-17)	3		12	1
34	2024-10-26 00:25:47.006848+03	10	Report of cap cap cap on ship (2024-10-09 - 2024-10-24)	3		12	1
35	2024-10-26 00:53:37.565932+03	16	Report of cap cap cap on ship (2024-10-01 - 2024-10-23)	3		12	1
36	2024-10-26 00:53:37.565963+03	15	Report of cap cap cap on ship (2024-10-10 - 2024-10-25)	3		12	1
37	2024-10-26 00:53:37.565981+03	14	Report of cap cap cap on ship 2 (2024-10-10 - 2024-10-17)	3		12	1
38	2024-10-26 00:53:37.565996+03	13	Report of cap cap cap on 1 (2024-10-01 - 2024-10-09)	3		12	1
39	2024-10-26 00:53:37.56601+03	12	Report of cap cap cap on ship (2024-10-09 - 2024-10-17)	3		12	1
40	2024-10-26 01:11:17.949647+03	22	Report of cap cap cap on ship 2 (2024-10-09 - 2024-10-02)	3		12	1
41	2024-10-26 01:11:17.949679+03	21	Report of cap cap cap on ship 2 (2024-10-02 - 2024-10-09)	3		12	1
42	2024-10-26 01:11:17.949696+03	20	Report of cap cap cap on ship 2 (2024-10-01 - 2024-10-16)	3		12	1
43	2024-10-26 01:11:17.94971+03	19	Report of cap cap cap on ship (2024-10-02 - 2024-10-24)	3		12	1
44	2024-10-26 01:11:17.949723+03	18	Report of cap cap cap on ship (2024-10-01 - 2024-10-09)	3		12	1
45	2024-10-26 01:11:17.949736+03	17	Report of cap2 2 2 on ship (2024-10-10 - 2024-10-30)	3		12	1
46	2024-10-26 01:12:20.57756+03	23	Report of cap cap cap on ship (2024-10-25 - 2024-10-26)	2	[{"added": {"name": "fish catch", "object": "fish: 1.0 kg"}}]	12	1
47	2024-10-26 01:12:55.968935+03	23	Report of cap cap cap on ship (2024-10-25 - 2024-10-26)	3		12	1
48	2024-10-26 01:15:56.938691+03	25	Report of cap cap cap on ship (2024-10-02 - 2024-10-09)	3		12	1
49	2024-10-26 01:15:56.93872+03	24	Report of cap cap cap on ship 2 (2024-10-17 - 2024-10-09)	3		12	1
50	2024-10-26 01:37:22.430765+03	34	Report of cap cap cap on ship (2024-10-02 - 2024-10-17)	3		12	1
51	2024-10-26 01:37:22.430795+03	33	Report of cap cap cap on ship (2024-10-08 - 2024-10-09)	3		12	1
52	2024-10-26 01:37:22.430812+03	32	Report of cap cap cap on ship (2024-10-02 - 2024-10-17)	3		12	1
53	2024-10-26 01:37:22.430825+03	31	Report of cap cap cap on ship (2024-10-02 - 2024-10-09)	3		12	1
54	2024-10-26 01:37:22.430838+03	30	Report of cap cap cap on ship 2 (2024-10-01 - 2024-10-08)	3		12	1
55	2024-10-26 01:37:22.43085+03	29	Report of cap cap cap on ship 2 (2024-10-02 - 2024-10-17)	3		12	1
56	2024-10-26 01:37:22.430862+03	28	Report of cap cap cap on ship (2024-10-01 - 2024-10-17)	3		12	1
57	2024-10-26 01:37:22.430874+03	27	Report of cap cap cap on ship (2024-10-08 - 2024-10-16)	3		12	1
58	2024-10-26 01:37:22.430885+03	26	Report of cap cap cap on ship (2024-10-01 - 2024-10-16)	3		12	1
59	2024-10-26 01:50:45.254054+03	48	Report of cap cap cap on ship (2024-10-09 - 2024-10-23)	3		12	1
60	2024-10-26 01:50:45.254084+03	47	Report of cap cap cap on ship (2024-10-02 - 2024-10-09)	3		12	1
61	2024-10-26 01:50:45.2541+03	46	Report of cap cap cap on ship (2024-10-17 - 2024-10-23)	3		12	1
62	2024-10-26 01:50:45.254114+03	45	Report of cap cap cap on ship (2024-10-15 - 2024-10-30)	3		12	1
63	2024-10-26 01:50:45.254126+03	44	Report of cap cap cap on ship (2024-10-09 - 2024-10-25)	3		12	1
64	2024-10-26 01:50:45.254138+03	43	Report of cap cap cap on ship (2024-10-23 - 2024-10-24)	3		12	1
65	2024-10-26 01:50:45.254149+03	42	Report of cap cap cap on ship (2024-10-02 - 2024-10-15)	3		12	1
66	2024-10-26 01:50:45.254161+03	41	Report of cap cap cap on ship (2024-10-23 - 2024-10-31)	3		12	1
67	2024-10-26 01:50:45.254172+03	40	Report of cap cap cap on ship (2024-10-09 - 2024-10-23)	3		12	1
68	2024-10-26 01:50:45.254194+03	39	Report of cap cap cap on ship (2024-10-01 - 2024-10-08)	3		12	1
69	2024-10-26 01:50:45.254219+03	38	Report of cap cap cap on ship (2024-10-16 - 2024-10-08)	3		12	1
70	2024-10-26 01:50:45.254243+03	37	Report of cap cap cap on ship (2024-10-09 - 2024-10-16)	3		12	1
71	2024-10-26 01:50:45.254257+03	36	Report of cap cap cap on ship (2024-10-09 - 2024-10-24)	3		12	1
72	2024-10-26 01:50:45.254273+03	35	Report of cap cap cap on ship (2024-10-01 - 2024-10-09)	3		12	1
73	2024-10-26 01:52:51.554252+03	51	Report of cap cap cap on ship (2024-10-08 - 2024-10-23)	3		12	1
74	2024-10-26 01:52:51.554281+03	50	Report of cap cap cap on ship (2024-10-01 - 2024-10-09)	3		12	1
75	2024-10-26 01:52:51.554297+03	49	Report of cap cap cap on ship 2 (2024-10-02 - 2024-10-09)	3		12	1
76	2024-10-26 01:56:05.213593+03	54	Report of cap cap cap on ship (2024-10-16 - 2024-10-24)	3		12	1
77	2024-10-26 01:56:05.213628+03	53	Report of cap cap cap on ship (2024-10-02 - 2024-10-17)	3		12	1
78	2024-10-26 01:56:05.213644+03	52	Report of cap cap cap on ship (2024-10-02 - 2024-10-23)	3		12	1
79	2024-10-26 01:58:26.167841+03	56	Report of cap cap cap on ship (2024-10-09 - 2024-10-24)	3		12	1
80	2024-10-26 01:58:26.16787+03	55	Report of cap cap cap on 1 (2024-10-31 - 2024-10-23)	3		12	1
81	2024-10-26 01:58:56.408212+03	57	Report of cap2 2 2 on ship 2 (2024-10-25 - 2024-10-25)	1	[{"added": {}}, {"added": {"name": "fish catch", "object": "fish: 2.0 kg"}}]	12	1
82	2024-10-26 02:02:56.904003+03	57	Report of cap2 2 2 on ship 2 (2024-10-25 - 2024-10-25)	3		12	1
83	2024-10-26 02:32:12.405515+03	61	Report of cap cap cap on ship (2024-10-02 - 2024-10-23)	3		12	1
84	2024-10-26 02:32:12.405547+03	60	Report of cap cap cap on ship (2024-10-02 - 2024-10-23)	3		12	1
85	2024-10-26 02:32:12.405565+03	59	Report of cap cap cap on ship (2024-10-02 - 2024-10-23)	3		12	1
86	2024-10-26 02:32:12.405579+03	58	Report of cap cap cap on ship (2024-10-16 - 2024-10-23)	3		12	1
87	2024-10-26 03:00:48.303235+03	65	Report of cap cap cap on ship (2024-10-09 - 2024-10-10)	3		12	1
88	2024-10-26 03:00:48.303264+03	64	Report of cap cap cap on ship (2024-10-09 - 2024-10-10)	3		12	1
89	2024-10-26 03:00:48.303281+03	63	Report of cap cap cap on ship (2024-10-09 - 2024-10-10)	3		12	1
90	2024-10-26 03:00:48.303297+03	62	Report of cap cap cap on ship (2024-10-09 - 2024-10-10)	3		12	1
91	2024-10-26 03:21:39.576305+03	70	Report of cap cap cap on ship (2024-10-09 - 2024-10-09)	3		12	1
92	2024-10-26 03:21:39.576338+03	69	Report of cap cap cap on ship (2024-10-09 - 2024-10-09)	3		12	1
93	2024-10-26 03:21:39.576355+03	68	Report of cap cap cap on ship (2024-10-09 - 2024-10-09)	3		12	1
94	2024-10-26 03:21:39.576371+03	67	Report of cap cap cap on ship (2024-10-09 - 2024-10-09)	3		12	1
95	2024-10-26 03:21:39.576384+03	66	Report of cap cap cap on ship (2024-10-02 - 2024-10-24)	3		12	1
96	2024-10-26 03:24:02.129928+03	74	Report of cap cap cap on ship (2024-10-09 - 2024-10-09)	3		12	1
97	2024-10-26 03:24:02.129958+03	73	Report of cap cap cap on ship (2024-10-09 - 2024-10-09)	3		12	1
98	2024-10-26 03:24:02.129974+03	72	Report of cap cap cap on ship (2024-10-09 - 2024-10-09)	3		12	1
99	2024-10-26 03:24:02.129988+03	71	Report of cap cap cap on ship (2024-10-09 - 2024-10-09)	3		12	1
100	2024-10-26 03:29:06.118179+03	75	Report of cap cap cap on ship (2024-10-09 - 2024-10-09)	3		12	1
101	2024-10-26 03:29:28.091254+03	76	Report of cap cap cap on ship (2024-10-16 - 2024-10-08)	2	[{"changed": {"name": "fish catch", "object": "fish: 2000.0 kg", "fields": ["Weight"]}}]	12	1
102	2024-10-26 03:43:47.967565+03	1	admin	2	[{"changed": {"fields": ["Role"]}}]	4	1
103	2024-10-26 03:44:27.117855+03	1	admin	2	[]	4	1
104	2024-10-26 03:46:15.1158+03	3	admi	1	[{"added": {}}]	4	1
105	2024-10-26 03:46:29.41382+03	3	admi	2	[{"changed": {"fields": ["Last name", "Role"]}}]	4	1
106	2024-10-26 03:46:51.921781+03	3	admi	2	[{"changed": {"fields": ["Staff status", "Superuser status", "User permissions"]}}]	4	1
107	2024-10-26 03:46:59.311719+03	1	admin	2	[{"changed": {"fields": ["User permissions"]}}]	4	1
108	2024-10-26 03:47:39.610915+03	2	admin	1	[{"added": {}}]	2	1
109	2024-10-26 03:47:46.383995+03	3	users	1	[{"added": {}}]	2	1
110	2024-10-26 03:47:55.750454+03	3	admi	2	[{"changed": {"fields": ["Groups"]}}]	4	1
111	2024-10-26 03:48:00.716999+03	1	admin	2	[{"changed": {"fields": ["Groups"]}}]	4	1
112	2024-10-26 04:46:57.217896+03	81	Report of 2 on ship (2024-10-01 - 2024-10-23)	3		12	1
113	2024-10-26 04:46:57.217928+03	80	Report of cap2 2 2 on ship (2024-10-09 - 2024-10-17)	3		12	1
114	2024-10-26 04:46:57.217946+03	79	Report of cap2 2 2 on ship (2024-10-09 - 2024-10-17)	3		12	1
115	2024-10-26 04:46:57.21796+03	78	Report of cap2 2 2 on ship (2024-10-09 - 2024-10-17)	3		12	1
116	2024-10-26 04:46:57.217973+03	77	Report of cap2 2 2 on ship (2024-10-09 - 2024-10-17)	3		12	1
117	2024-10-26 04:46:57.217985+03	76	Report of cap cap cap on ship (2024-10-16 - 2024-10-08)	3		12	1
118	2024-11-08 22:41:02.004494+03	4	for	1	[{"added": {}}]	4	1
\.


--
-- Data for Name: django_content_type; Type: TABLE DATA; Schema: public; Owner: fishing_user
--

COPY public.django_content_type (id, app_label, model) FROM stdin;
1	auth	permission
2	auth	group
3	contenttypes	contenttype
4	accounts	customuser
5	admin	logentry
6	sessions	session
7	fishing	captain
8	fishing	fisherman
9	fishing	ship
10	fishing	fish
11	fishing	fishcatch
12	fishing	fishingreport
13	fishing	weathercondition
\.


--
-- Data for Name: django_migrations; Type: TABLE DATA; Schema: public; Owner: fishing_user
--

COPY public.django_migrations (id, app, name, applied) FROM stdin;
1	contenttypes	0001_initial	2024-10-22 20:21:35.633682+03
2	contenttypes	0002_remove_content_type_name	2024-10-22 20:22:19.619645+03
3	auth	0001_initial	2024-10-22 20:22:19.644001+03
4	auth	0002_alter_permission_name_max_length	2024-10-22 20:22:19.647672+03
5	auth	0003_alter_user_email_max_length	2024-10-22 20:22:19.651098+03
6	auth	0004_alter_user_username_opts	2024-10-22 20:22:19.65454+03
7	auth	0005_alter_user_last_login_null	2024-10-22 20:22:19.657807+03
8	auth	0006_require_contenttypes_0002	2024-10-22 20:22:19.658842+03
9	auth	0007_alter_validators_add_error_messages	2024-10-22 20:22:19.662022+03
10	auth	0008_alter_user_username_max_length	2024-10-22 20:22:19.665324+03
11	auth	0009_alter_user_last_name_max_length	2024-10-22 20:22:19.668682+03
12	auth	0010_alter_group_name_max_length	2024-10-22 20:22:19.672295+03
13	auth	0011_update_proxy_permissions	2024-10-22 20:22:19.676202+03
14	auth	0012_alter_user_first_name_max_length	2024-10-22 20:22:19.679378+03
15	accounts	0001_initial	2024-10-22 20:22:19.700252+03
16	admin	0001_initial	2024-10-22 20:22:25.810082+03
17	admin	0002_logentry_remove_auto_add	2024-10-22 20:22:25.814624+03
18	admin	0003_logentry_add_action_flag_choices	2024-10-22 20:22:25.819156+03
19	sessions	0001_initial	2024-10-22 20:22:25.828535+03
20	fishing	0001_initial	2024-10-22 21:28:11.087062+03
21	fishing	0002_remove_fisherman_first_name_and_more	2024-10-25 18:29:23.98612+03
22	fishing	0003_remove_captain_first_name_remove_captain_last_name_and_more	2024-10-25 18:49:39.534338+03
23	fishing	0004_remove_fishingreport_total_weight	2024-10-25 18:55:13.23425+03
24	fishing	0005_weathercondition	2024-10-25 21:06:54.885164+03
25	fishing	0006_alter_fishingreport_weather_conditions	2024-10-25 21:27:41.896043+03
26	fishing	0007_remove_fishingreport_fish_catches_and_more	2024-10-26 02:59:35.591978+03
\.


--
-- Data for Name: django_session; Type: TABLE DATA; Schema: public; Owner: fishing_user
--

COPY public.django_session (session_key, session_data, expire_date) FROM stdin;
uv47c9h940rbm5j8q24nxchuynsiavb4	.eJxVjDkOwjAUBe_iGlm2vFPScwbrLzYOIEeKkwpxd4iUAto3M-8lMmxry9soS55YnIUWp98NgR6l74Dv0G-zpLmvy4RyV-RBh7zOXJ6Xw_07aDDatzasKjICUyQfqmWtAnBwzhAaDR6rpZIwUSDjEWJRwSUTvUpWaaOseH8AFR04Kg:1t3IlK:uUUjqDVaa_I4zF098SmZ0ws7yGUqBJiZ1xaVJ8t8lx0	2024-11-05 20:33:42.199964+03
uasxbn0bag2cq1qp8ip2osp290n9p24s	.eJxVjDkOwjAUBe_iGlm2vFPScwbrLzYOIEeKkwpxd4iUAto3M-8lMmxry9soS55YnIUWp98NgR6l74Dv0G-zpLmvy4RyV-RBh7zOXJ6Xw_07aDDatzasKjICUyQfqmWtAnBwzhAaDR6rpZIwUSDjEWJRwSUTvUpWaaOseH8AFR04Kg:1t9Pl8:7w4AFanl1uiDwZ6rcslWSRobTS4QXvyWR-gmUm9l-kE	2024-11-22 17:14:46.415391+03
xeqrtkq079ktldtj1hmedhpktlbhjnug	.eJxVjDkOwjAUBe_iGlm2vFPScwbrLzYOIEeKkwpxd4iUAto3M-8lMmxry9soS55YnIUWp98NgR6l74Dv0G-zpLmvy4RyV-RBh7zOXJ6Xw_07aDDatzasKjICUyQfqmWtAnBwzhAaDR6rpZIwUSDjEWJRwSUTvUpWaaOseH8AFR04Kg:1t9Upq:ixsfLpP_n_-jK3ljA_jha4pj_RrnXr4jPGhs0_Q8Q7A	2024-11-22 22:39:58.908867+03
\.


--
-- Data for Name: fishing_captain; Type: TABLE DATA; Schema: public; Owner: fishing_user
--

COPY public.fishing_captain (id, full_name) FROM stdin;
1	cap cap cap
2	cap2 2 2
3	2
\.


--
-- Data for Name: fishing_fish; Type: TABLE DATA; Schema: public; Owner: fishing_user
--

COPY public.fishing_fish (id, name) FROM stdin;
1	fish
2	fish2
4	pizza
\.


--
-- Data for Name: fishing_fishcatch; Type: TABLE DATA; Schema: public; Owner: fishing_user
--

COPY public.fishing_fishcatch (id, weight, fish_id, fishing_report_id) FROM stdin;
34	2	1	83
35	12	2	83
36	99	4	85
37	1	1	85
\.


--
-- Data for Name: fishing_fisherman; Type: TABLE DATA; Schema: public; Owner: fishing_user
--

COPY public.fishing_fisherman (id, full_name) FROM stdin;
11	egor egor egor
12	fio fio fio
15	111
\.


--
-- Data for Name: fishing_fishingreport; Type: TABLE DATA; Schema: public; Owner: fishing_user
--

COPY public.fishing_fishingreport (id, weather_conditions_id, start_date, end_date, captain_id, ship_id) FROM stdin;
83	1	2024-10-02	2024-10-10	1	1
85	1	2024-09-30	2024-10-15	2	2
\.


--
-- Data for Name: fishing_fishingreport_fishermen; Type: TABLE DATA; Schema: public; Owner: fishing_user
--

COPY public.fishing_fishingreport_fishermen (id, fishingreport_id, fisherman_id) FROM stdin;
90	83	12
93	85	11
94	85	12
95	85	15
\.


--
-- Data for Name: fishing_ship; Type: TABLE DATA; Schema: public; Owner: fishing_user
--

COPY public.fishing_ship (id, name) FROM stdin;
2	ship 2
3	1
5	tank
1	ship99
\.


--
-- Data for Name: fishing_weathercondition; Type: TABLE DATA; Schema: public; Owner: fishing_user
--

COPY public.fishing_weathercondition (id, name) FROM stdin;
1	Good
2	Bad
3	rain
\.


--
-- Name: accounts_customuser_groups_id_seq; Type: SEQUENCE SET; Schema: public; Owner: fishing_user
--

SELECT pg_catalog.setval('public.accounts_customuser_groups_id_seq', 2, true);


--
-- Name: accounts_customuser_id_seq; Type: SEQUENCE SET; Schema: public; Owner: fishing_user
--

SELECT pg_catalog.setval('public.accounts_customuser_id_seq', 36, true);


--
-- Name: accounts_customuser_user_permissions_id_seq; Type: SEQUENCE SET; Schema: public; Owner: fishing_user
--

SELECT pg_catalog.setval('public.accounts_customuser_user_permissions_id_seq', 104, true);


--
-- Name: auth_group_id_seq; Type: SEQUENCE SET; Schema: public; Owner: fishing_user
--

SELECT pg_catalog.setval('public.auth_group_id_seq', 3, true);


--
-- Name: auth_group_permissions_id_seq; Type: SEQUENCE SET; Schema: public; Owner: fishing_user
--

SELECT pg_catalog.setval('public.auth_group_permissions_id_seq', 52, true);


--
-- Name: auth_permission_id_seq; Type: SEQUENCE SET; Schema: public; Owner: fishing_user
--

SELECT pg_catalog.setval('public.auth_permission_id_seq', 52, true);


--
-- Name: django_admin_log_id_seq; Type: SEQUENCE SET; Schema: public; Owner: fishing_user
--

SELECT pg_catalog.setval('public.django_admin_log_id_seq', 150, true);


--
-- Name: django_content_type_id_seq; Type: SEQUENCE SET; Schema: public; Owner: fishing_user
--

SELECT pg_catalog.setval('public.django_content_type_id_seq', 13, true);


--
-- Name: django_migrations_id_seq; Type: SEQUENCE SET; Schema: public; Owner: fishing_user
--

SELECT pg_catalog.setval('public.django_migrations_id_seq', 26, true);


--
-- Name: fishing_captain_id_seq; Type: SEQUENCE SET; Schema: public; Owner: fishing_user
--

SELECT pg_catalog.setval('public.fishing_captain_id_seq', 3, true);


--
-- Name: fishing_fish_id_seq; Type: SEQUENCE SET; Schema: public; Owner: fishing_user
--

SELECT pg_catalog.setval('public.fishing_fish_id_seq', 4, true);


--
-- Name: fishing_fishcatch_id_seq; Type: SEQUENCE SET; Schema: public; Owner: fishing_user
--

SELECT pg_catalog.setval('public.fishing_fishcatch_id_seq', 37, true);


--
-- Name: fishing_fisherman_id_seq; Type: SEQUENCE SET; Schema: public; Owner: fishing_user
--

SELECT pg_catalog.setval('public.fishing_fisherman_id_seq', 16, true);


--
-- Name: fishing_fishingreport_fishermen_id_seq; Type: SEQUENCE SET; Schema: public; Owner: fishing_user
--

SELECT pg_catalog.setval('public.fishing_fishingreport_fishermen_id_seq', 95, true);


--
-- Name: fishing_fishingreport_id_seq; Type: SEQUENCE SET; Schema: public; Owner: fishing_user
--

SELECT pg_catalog.setval('public.fishing_fishingreport_id_seq', 85, true);


--
-- Name: fishing_ship_id_seq; Type: SEQUENCE SET; Schema: public; Owner: fishing_user
--

SELECT pg_catalog.setval('public.fishing_ship_id_seq', 5, true);


--
-- Name: fishing_weathercondition_id_seq; Type: SEQUENCE SET; Schema: public; Owner: fishing_user
--

SELECT pg_catalog.setval('public.fishing_weathercondition_id_seq', 3, true);


--
-- Name: accounts_customuser_groups accounts_customuser_groups_customuser_id_group_id_c074bdcb_uniq; Type: CONSTRAINT; Schema: public; Owner: fishing_user
--

ALTER TABLE ONLY public.accounts_customuser_groups
    ADD CONSTRAINT accounts_customuser_groups_customuser_id_group_id_c074bdcb_uniq UNIQUE (customuser_id, group_id);


--
-- Name: accounts_customuser_groups accounts_customuser_groups_pkey; Type: CONSTRAINT; Schema: public; Owner: fishing_user
--

ALTER TABLE ONLY public.accounts_customuser_groups
    ADD CONSTRAINT accounts_customuser_groups_pkey PRIMARY KEY (id);


--
-- Name: accounts_customuser accounts_customuser_pkey; Type: CONSTRAINT; Schema: public; Owner: fishing_user
--

ALTER TABLE ONLY public.accounts_customuser
    ADD CONSTRAINT accounts_customuser_pkey PRIMARY KEY (id);


--
-- Name: accounts_customuser_user_permissions accounts_customuser_user_customuser_id_permission_9632a709_uniq; Type: CONSTRAINT; Schema: public; Owner: fishing_user
--

ALTER TABLE ONLY public.accounts_customuser_user_permissions
    ADD CONSTRAINT accounts_customuser_user_customuser_id_permission_9632a709_uniq UNIQUE (customuser_id, permission_id);


--
-- Name: accounts_customuser_user_permissions accounts_customuser_user_permissions_pkey; Type: CONSTRAINT; Schema: public; Owner: fishing_user
--

ALTER TABLE ONLY public.accounts_customuser_user_permissions
    ADD CONSTRAINT accounts_customuser_user_permissions_pkey PRIMARY KEY (id);


--
-- Name: accounts_customuser accounts_customuser_username_key; Type: CONSTRAINT; Schema: public; Owner: fishing_user
--

ALTER TABLE ONLY public.accounts_customuser
    ADD CONSTRAINT accounts_customuser_username_key UNIQUE (username);


--
-- Name: auth_group auth_group_name_key; Type: CONSTRAINT; Schema: public; Owner: fishing_user
--

ALTER TABLE ONLY public.auth_group
    ADD CONSTRAINT auth_group_name_key UNIQUE (name);


--
-- Name: auth_group_permissions auth_group_permissions_group_id_permission_id_0cd325b0_uniq; Type: CONSTRAINT; Schema: public; Owner: fishing_user
--

ALTER TABLE ONLY public.auth_group_permissions
    ADD CONSTRAINT auth_group_permissions_group_id_permission_id_0cd325b0_uniq UNIQUE (group_id, permission_id);


--
-- Name: auth_group_permissions auth_group_permissions_pkey; Type: CONSTRAINT; Schema: public; Owner: fishing_user
--

ALTER TABLE ONLY public.auth_group_permissions
    ADD CONSTRAINT auth_group_permissions_pkey PRIMARY KEY (id);


--
-- Name: auth_group auth_group_pkey; Type: CONSTRAINT; Schema: public; Owner: fishing_user
--

ALTER TABLE ONLY public.auth_group
    ADD CONSTRAINT auth_group_pkey PRIMARY KEY (id);


--
-- Name: auth_permission auth_permission_content_type_id_codename_01ab375a_uniq; Type: CONSTRAINT; Schema: public; Owner: fishing_user
--

ALTER TABLE ONLY public.auth_permission
    ADD CONSTRAINT auth_permission_content_type_id_codename_01ab375a_uniq UNIQUE (content_type_id, codename);


--
-- Name: auth_permission auth_permission_pkey; Type: CONSTRAINT; Schema: public; Owner: fishing_user
--

ALTER TABLE ONLY public.auth_permission
    ADD CONSTRAINT auth_permission_pkey PRIMARY KEY (id);


--
-- Name: django_admin_log django_admin_log_pkey; Type: CONSTRAINT; Schema: public; Owner: fishing_user
--

ALTER TABLE ONLY public.django_admin_log
    ADD CONSTRAINT django_admin_log_pkey PRIMARY KEY (id);


--
-- Name: django_content_type django_content_type_app_label_model_76bd3d3b_uniq; Type: CONSTRAINT; Schema: public; Owner: fishing_user
--

ALTER TABLE ONLY public.django_content_type
    ADD CONSTRAINT django_content_type_app_label_model_76bd3d3b_uniq UNIQUE (app_label, model);


--
-- Name: django_content_type django_content_type_pkey; Type: CONSTRAINT; Schema: public; Owner: fishing_user
--

ALTER TABLE ONLY public.django_content_type
    ADD CONSTRAINT django_content_type_pkey PRIMARY KEY (id);


--
-- Name: django_migrations django_migrations_pkey; Type: CONSTRAINT; Schema: public; Owner: fishing_user
--

ALTER TABLE ONLY public.django_migrations
    ADD CONSTRAINT django_migrations_pkey PRIMARY KEY (id);


--
-- Name: django_session django_session_pkey; Type: CONSTRAINT; Schema: public; Owner: fishing_user
--

ALTER TABLE ONLY public.django_session
    ADD CONSTRAINT django_session_pkey PRIMARY KEY (session_key);


--
-- Name: fishing_captain fishing_captain_pkey; Type: CONSTRAINT; Schema: public; Owner: fishing_user
--

ALTER TABLE ONLY public.fishing_captain
    ADD CONSTRAINT fishing_captain_pkey PRIMARY KEY (id);


--
-- Name: fishing_fish fishing_fish_pkey; Type: CONSTRAINT; Schema: public; Owner: fishing_user
--

ALTER TABLE ONLY public.fishing_fish
    ADD CONSTRAINT fishing_fish_pkey PRIMARY KEY (id);


--
-- Name: fishing_fishcatch fishing_fishcatch_pkey; Type: CONSTRAINT; Schema: public; Owner: fishing_user
--

ALTER TABLE ONLY public.fishing_fishcatch
    ADD CONSTRAINT fishing_fishcatch_pkey PRIMARY KEY (id);


--
-- Name: fishing_fisherman fishing_fisherman_pkey; Type: CONSTRAINT; Schema: public; Owner: fishing_user
--

ALTER TABLE ONLY public.fishing_fisherman
    ADD CONSTRAINT fishing_fisherman_pkey PRIMARY KEY (id);


--
-- Name: fishing_fishingreport_fishermen fishing_fishingreport_fi_fishingreport_id_fisherm_3b292847_uniq; Type: CONSTRAINT; Schema: public; Owner: fishing_user
--

ALTER TABLE ONLY public.fishing_fishingreport_fishermen
    ADD CONSTRAINT fishing_fishingreport_fi_fishingreport_id_fisherm_3b292847_uniq UNIQUE (fishingreport_id, fisherman_id);


--
-- Name: fishing_fishingreport_fishermen fishing_fishingreport_fishermen_pkey; Type: CONSTRAINT; Schema: public; Owner: fishing_user
--

ALTER TABLE ONLY public.fishing_fishingreport_fishermen
    ADD CONSTRAINT fishing_fishingreport_fishermen_pkey PRIMARY KEY (id);


--
-- Name: fishing_fishingreport fishing_fishingreport_pkey; Type: CONSTRAINT; Schema: public; Owner: fishing_user
--

ALTER TABLE ONLY public.fishing_fishingreport
    ADD CONSTRAINT fishing_fishingreport_pkey PRIMARY KEY (id);


--
-- Name: fishing_ship fishing_ship_pkey; Type: CONSTRAINT; Schema: public; Owner: fishing_user
--

ALTER TABLE ONLY public.fishing_ship
    ADD CONSTRAINT fishing_ship_pkey PRIMARY KEY (id);


--
-- Name: fishing_weathercondition fishing_weathercondition_pkey; Type: CONSTRAINT; Schema: public; Owner: fishing_user
--

ALTER TABLE ONLY public.fishing_weathercondition
    ADD CONSTRAINT fishing_weathercondition_pkey PRIMARY KEY (id);


--
-- Name: accounts_customuser_groups_customuser_id_bc55088e; Type: INDEX; Schema: public; Owner: fishing_user
--

CREATE INDEX accounts_customuser_groups_customuser_id_bc55088e ON public.accounts_customuser_groups USING btree (customuser_id);


--
-- Name: accounts_customuser_groups_group_id_86ba5f9e; Type: INDEX; Schema: public; Owner: fishing_user
--

CREATE INDEX accounts_customuser_groups_group_id_86ba5f9e ON public.accounts_customuser_groups USING btree (group_id);


--
-- Name: accounts_customuser_user_permissions_customuser_id_0deaefae; Type: INDEX; Schema: public; Owner: fishing_user
--

CREATE INDEX accounts_customuser_user_permissions_customuser_id_0deaefae ON public.accounts_customuser_user_permissions USING btree (customuser_id);


--
-- Name: accounts_customuser_user_permissions_permission_id_aea3d0e5; Type: INDEX; Schema: public; Owner: fishing_user
--

CREATE INDEX accounts_customuser_user_permissions_permission_id_aea3d0e5 ON public.accounts_customuser_user_permissions USING btree (permission_id);


--
-- Name: accounts_customuser_username_722f3555_like; Type: INDEX; Schema: public; Owner: fishing_user
--

CREATE INDEX accounts_customuser_username_722f3555_like ON public.accounts_customuser USING btree (username varchar_pattern_ops);


--
-- Name: auth_group_name_a6ea08ec_like; Type: INDEX; Schema: public; Owner: fishing_user
--

CREATE INDEX auth_group_name_a6ea08ec_like ON public.auth_group USING btree (name varchar_pattern_ops);


--
-- Name: auth_group_permissions_group_id_b120cbf9; Type: INDEX; Schema: public; Owner: fishing_user
--

CREATE INDEX auth_group_permissions_group_id_b120cbf9 ON public.auth_group_permissions USING btree (group_id);


--
-- Name: auth_group_permissions_permission_id_84c5c92e; Type: INDEX; Schema: public; Owner: fishing_user
--

CREATE INDEX auth_group_permissions_permission_id_84c5c92e ON public.auth_group_permissions USING btree (permission_id);


--
-- Name: auth_permission_content_type_id_2f476e4b; Type: INDEX; Schema: public; Owner: fishing_user
--

CREATE INDEX auth_permission_content_type_id_2f476e4b ON public.auth_permission USING btree (content_type_id);


--
-- Name: django_admin_log_content_type_id_c4bce8eb; Type: INDEX; Schema: public; Owner: fishing_user
--

CREATE INDEX django_admin_log_content_type_id_c4bce8eb ON public.django_admin_log USING btree (content_type_id);


--
-- Name: django_admin_log_user_id_c564eba6; Type: INDEX; Schema: public; Owner: fishing_user
--

CREATE INDEX django_admin_log_user_id_c564eba6 ON public.django_admin_log USING btree (user_id);


--
-- Name: django_session_expire_date_a5c62663; Type: INDEX; Schema: public; Owner: fishing_user
--

CREATE INDEX django_session_expire_date_a5c62663 ON public.django_session USING btree (expire_date);


--
-- Name: django_session_session_key_c0390e0f_like; Type: INDEX; Schema: public; Owner: fishing_user
--

CREATE INDEX django_session_session_key_c0390e0f_like ON public.django_session USING btree (session_key varchar_pattern_ops);


--
-- Name: fishing_fishcatch_fish_id_1bb61012; Type: INDEX; Schema: public; Owner: fishing_user
--

CREATE INDEX fishing_fishcatch_fish_id_1bb61012 ON public.fishing_fishcatch USING btree (fish_id);


--
-- Name: fishing_fishcatch_fishing_report_id_a2318b65; Type: INDEX; Schema: public; Owner: fishing_user
--

CREATE INDEX fishing_fishcatch_fishing_report_id_a2318b65 ON public.fishing_fishcatch USING btree (fishing_report_id);


--
-- Name: fishing_fishingreport_captain_id_6d696d37; Type: INDEX; Schema: public; Owner: fishing_user
--

CREATE INDEX fishing_fishingreport_captain_id_6d696d37 ON public.fishing_fishingreport USING btree (captain_id);


--
-- Name: fishing_fishingreport_fishermen_fisherman_id_e0f747f0; Type: INDEX; Schema: public; Owner: fishing_user
--

CREATE INDEX fishing_fishingreport_fishermen_fisherman_id_e0f747f0 ON public.fishing_fishingreport_fishermen USING btree (fisherman_id);


--
-- Name: fishing_fishingreport_fishermen_fishingreport_id_d27c8589; Type: INDEX; Schema: public; Owner: fishing_user
--

CREATE INDEX fishing_fishingreport_fishermen_fishingreport_id_d27c8589 ON public.fishing_fishingreport_fishermen USING btree (fishingreport_id);


--
-- Name: fishing_fishingreport_ship_id_01f1e5a1; Type: INDEX; Schema: public; Owner: fishing_user
--

CREATE INDEX fishing_fishingreport_ship_id_01f1e5a1 ON public.fishing_fishingreport USING btree (ship_id);


--
-- Name: fishing_fishingreport_weather_conditions_id_9d7d21f1; Type: INDEX; Schema: public; Owner: fishing_user
--

CREATE INDEX fishing_fishingreport_weather_conditions_id_9d7d21f1 ON public.fishing_fishingreport USING btree (weather_conditions_id);


--
-- Name: accounts_customuser_user_permissions accounts_customuser__customuser_id_0deaefae_fk_accounts_; Type: FK CONSTRAINT; Schema: public; Owner: fishing_user
--

ALTER TABLE ONLY public.accounts_customuser_user_permissions
    ADD CONSTRAINT accounts_customuser__customuser_id_0deaefae_fk_accounts_ FOREIGN KEY (customuser_id) REFERENCES public.accounts_customuser(id) DEFERRABLE INITIALLY DEFERRED;


--
-- Name: accounts_customuser_groups accounts_customuser__customuser_id_bc55088e_fk_accounts_; Type: FK CONSTRAINT; Schema: public; Owner: fishing_user
--

ALTER TABLE ONLY public.accounts_customuser_groups
    ADD CONSTRAINT accounts_customuser__customuser_id_bc55088e_fk_accounts_ FOREIGN KEY (customuser_id) REFERENCES public.accounts_customuser(id) DEFERRABLE INITIALLY DEFERRED;


--
-- Name: accounts_customuser_user_permissions accounts_customuser__permission_id_aea3d0e5_fk_auth_perm; Type: FK CONSTRAINT; Schema: public; Owner: fishing_user
--

ALTER TABLE ONLY public.accounts_customuser_user_permissions
    ADD CONSTRAINT accounts_customuser__permission_id_aea3d0e5_fk_auth_perm FOREIGN KEY (permission_id) REFERENCES public.auth_permission(id) DEFERRABLE INITIALLY DEFERRED;


--
-- Name: accounts_customuser_groups accounts_customuser_groups_group_id_86ba5f9e_fk_auth_group_id; Type: FK CONSTRAINT; Schema: public; Owner: fishing_user
--

ALTER TABLE ONLY public.accounts_customuser_groups
    ADD CONSTRAINT accounts_customuser_groups_group_id_86ba5f9e_fk_auth_group_id FOREIGN KEY (group_id) REFERENCES public.auth_group(id) DEFERRABLE INITIALLY DEFERRED;


--
-- Name: auth_group_permissions auth_group_permissio_permission_id_84c5c92e_fk_auth_perm; Type: FK CONSTRAINT; Schema: public; Owner: fishing_user
--

ALTER TABLE ONLY public.auth_group_permissions
    ADD CONSTRAINT auth_group_permissio_permission_id_84c5c92e_fk_auth_perm FOREIGN KEY (permission_id) REFERENCES public.auth_permission(id) DEFERRABLE INITIALLY DEFERRED;


--
-- Name: auth_group_permissions auth_group_permissions_group_id_b120cbf9_fk_auth_group_id; Type: FK CONSTRAINT; Schema: public; Owner: fishing_user
--

ALTER TABLE ONLY public.auth_group_permissions
    ADD CONSTRAINT auth_group_permissions_group_id_b120cbf9_fk_auth_group_id FOREIGN KEY (group_id) REFERENCES public.auth_group(id) DEFERRABLE INITIALLY DEFERRED;


--
-- Name: auth_permission auth_permission_content_type_id_2f476e4b_fk_django_co; Type: FK CONSTRAINT; Schema: public; Owner: fishing_user
--

ALTER TABLE ONLY public.auth_permission
    ADD CONSTRAINT auth_permission_content_type_id_2f476e4b_fk_django_co FOREIGN KEY (content_type_id) REFERENCES public.django_content_type(id) DEFERRABLE INITIALLY DEFERRED;


--
-- Name: django_admin_log django_admin_log_content_type_id_c4bce8eb_fk_django_co; Type: FK CONSTRAINT; Schema: public; Owner: fishing_user
--

ALTER TABLE ONLY public.django_admin_log
    ADD CONSTRAINT django_admin_log_content_type_id_c4bce8eb_fk_django_co FOREIGN KEY (content_type_id) REFERENCES public.django_content_type(id) DEFERRABLE INITIALLY DEFERRED;


--
-- Name: django_admin_log django_admin_log_user_id_c564eba6_fk_accounts_customuser_id; Type: FK CONSTRAINT; Schema: public; Owner: fishing_user
--

ALTER TABLE ONLY public.django_admin_log
    ADD CONSTRAINT django_admin_log_user_id_c564eba6_fk_accounts_customuser_id FOREIGN KEY (user_id) REFERENCES public.accounts_customuser(id) DEFERRABLE INITIALLY DEFERRED;


--
-- Name: fishing_fishcatch fishing_fishcatch_fish_id_1bb61012_fk_fishing_fish_id; Type: FK CONSTRAINT; Schema: public; Owner: fishing_user
--

ALTER TABLE ONLY public.fishing_fishcatch
    ADD CONSTRAINT fishing_fishcatch_fish_id_1bb61012_fk_fishing_fish_id FOREIGN KEY (fish_id) REFERENCES public.fishing_fish(id) DEFERRABLE INITIALLY DEFERRED;


--
-- Name: fishing_fishcatch fishing_fishcatch_fishing_report_id_a2318b65_fk_fishing_f; Type: FK CONSTRAINT; Schema: public; Owner: fishing_user
--

ALTER TABLE ONLY public.fishing_fishcatch
    ADD CONSTRAINT fishing_fishcatch_fishing_report_id_a2318b65_fk_fishing_f FOREIGN KEY (fishing_report_id) REFERENCES public.fishing_fishingreport(id) DEFERRABLE INITIALLY DEFERRED;


--
-- Name: fishing_fishingreport_fishermen fishing_fishingrepor_fisherman_id_e0f747f0_fk_fishing_f; Type: FK CONSTRAINT; Schema: public; Owner: fishing_user
--

ALTER TABLE ONLY public.fishing_fishingreport_fishermen
    ADD CONSTRAINT fishing_fishingrepor_fisherman_id_e0f747f0_fk_fishing_f FOREIGN KEY (fisherman_id) REFERENCES public.fishing_fisherman(id) DEFERRABLE INITIALLY DEFERRED;


--
-- Name: fishing_fishingreport_fishermen fishing_fishingrepor_fishingreport_id_d27c8589_fk_fishing_f; Type: FK CONSTRAINT; Schema: public; Owner: fishing_user
--

ALTER TABLE ONLY public.fishing_fishingreport_fishermen
    ADD CONSTRAINT fishing_fishingrepor_fishingreport_id_d27c8589_fk_fishing_f FOREIGN KEY (fishingreport_id) REFERENCES public.fishing_fishingreport(id) DEFERRABLE INITIALLY DEFERRED;


--
-- Name: fishing_fishingreport fishing_fishingrepor_weather_conditions_i_9d7d21f1_fk_fishing_w; Type: FK CONSTRAINT; Schema: public; Owner: fishing_user
--

ALTER TABLE ONLY public.fishing_fishingreport
    ADD CONSTRAINT fishing_fishingrepor_weather_conditions_i_9d7d21f1_fk_fishing_w FOREIGN KEY (weather_conditions_id) REFERENCES public.fishing_weathercondition(id) DEFERRABLE INITIALLY DEFERRED;


--
-- Name: fishing_fishingreport fishing_fishingreport_captain_id_6d696d37_fk_fishing_captain_id; Type: FK CONSTRAINT; Schema: public; Owner: fishing_user
--

ALTER TABLE ONLY public.fishing_fishingreport
    ADD CONSTRAINT fishing_fishingreport_captain_id_6d696d37_fk_fishing_captain_id FOREIGN KEY (captain_id) REFERENCES public.fishing_captain(id) DEFERRABLE INITIALLY DEFERRED;


--
-- Name: fishing_fishingreport fishing_fishingreport_ship_id_01f1e5a1_fk_fishing_ship_id; Type: FK CONSTRAINT; Schema: public; Owner: fishing_user
--

ALTER TABLE ONLY public.fishing_fishingreport
    ADD CONSTRAINT fishing_fishingreport_ship_id_01f1e5a1_fk_fishing_ship_id FOREIGN KEY (ship_id) REFERENCES public.fishing_ship(id) DEFERRABLE INITIALLY DEFERRED;


--
-- PostgreSQL database dump complete
--

